Type,Id,Active,Created Day,Updated Day,Room
DON,1,True,2024-12-02 14:05:33,2024-12-02 14:05:00,A201
DON,2,True,2024-12-02 14:06:05,2024-12-02 14:06:00,A202
DON,3,True,2024-12-02 14:07:18,2024-12-02 14:07:00,A203
DON,4,True,2024-12-02 14:07:25,2024-12-02 14:07:00,A204
DON,5,True,2024-12-02 14:07:31,2024-12-02 14:07:00,A204
DON,6,True,2024-12-02 14:07:40,2024-12-02 14:07:00,A205
DON,7,True,2024-12-02 14:07:48,2024-12-02 14:07:00,A205
DOI,8,True,2024-12-02 14:09:19,2024-12-02 14:09:00,A301
DOI,9,True,2024-12-02 14:09:41,2024-12-02 14:09:00,A302
DOI,10,True,2024-12-02 14:09:53,2024-12-02 14:09:00,A303
DON,11,True,2024-12-02 14:11:35,2024-12-02 14:11:00,A304
DOI,12,True,2024-12-02 14:11:46,2024-12-02 14:11:00,A304
DON,13,True,2024-12-02 14:11:59,2024-12-02 14:12:00,A305
DOI,14,True,2024-12-02 14:12:06,2024-12-02 14:12:00,A305
DOI,15,True,2024-12-02 14:12:27,2024-12-02 14:12:00,A401
DOI,16,True,2024-12-02 14:12:42,2024-12-02 14:12:00,A402
DOI,17,True,2024-12-02 14:12:52,2024-12-02 14:12:00,A403
DON,18,True,2024-12-02 14:13:09,2024-12-02 14:13:00,A404
DOI,19,True,2024-12-02 14:13:20,2024-12-02 14:13:00,A404
DON,20,True,2024-12-02 14:13:33,2024-12-02 14:13:00,A405
DOI,21,True,2024-12-02 14:13:41,2024-12-02 14:13:00,A405
DON,22,True,2024-12-02 14:15:20,2024-12-02 14:15:00,A501
DON,23,True,2024-12-02 14:15:38,2024-12-02 14:15:00,A501
DON,24,True,2024-12-02 14:15:47,2024-12-02 14:15:00,A502
DON,25,True,2024-12-02 14:15:55,2024-12-02 14:15:00,A502
DOI,26,True,2024-12-02 14:16:11,2024-12-02 14:16:00,A503
DON,27,True,2024-12-02 14:16:27,2024-12-02 14:16:00,A504
DOI,28,True,2024-12-02 14:16:36,2024-12-02 14:16:00,A504
DON,29,True,2024-12-02 14:16:46,2024-12-02 14:16:00,A505
DOI,30,True,2024-12-02 14:16:55,2024-12-02 14:16:00,A505
DOI,31,True,2024-12-02 14:17:06,2024-12-02 14:17:00,A601
DOI,32,True,2024-12-02 14:17:14,2024-12-02 14:17:00,A602
DON,33,True,2024-12-02 14:17:28,2024-12-02 14:17:00,A603
DOI,34,True,2024-12-02 14:17:34,2024-12-02 14:17:00,A603
